Tubelabel_species,"green box - ""Coral DNA STOCK""","orange box - (""Coral DNA"") extracted or host separated?","pink box - (""EXTRACTED CORAL DNA"")",orange box - enriched ('ENRICHED MICROBIAL DNA'),Species,Year,Health_status,Starting_Weight,Date_Extracted,Raw_ng_ul,Extracted_check_ng_ul_2024,Date_Enriched,Microbe_ng_ul,Microbe_Location,Microbe_clean_date/n,Host_ng_ul,Host_Location,Host_clean_y/n,Date_Libprep,Status ,Notes ,Seq_date,Host_Seq_date,Status_notes,Ready_resequence,ToDo_Resequence,Notes_x,Sample_physical_location,Extraction_physical_location,Notes_y
052022_BEL_CBC_T1_12_MCAV,T1_12 2022 LOW ,,T1_12 LOW,T1_12 2022 EMPTY ,MCAV,2022,Diseased_Margin,_,6_10_2022,6.2,3.95,7_6_2022,0.1,,,_,,,7_29_2022,sequenced,(Library Prep) Used 3¬µl of water to reach initial volume of  16¬µl,sequenced,,"DEPLETED, empty enriched tube - orange box, small amnt extracted dna - pink box ",n,enrich,enrich using old extracted dna (if there's enough),Depleted_ UML_NARWHAL_R1_B3,DNA_extracted,Only sand in tissue sample 
052022_BEL_CBC_T1_13_MCAV,T1_13 2022 LOW,,T1_13 2022 EMPTY ,T1_13 2022 EMPTY ,MCAV,2022,Diseased_Tissue,133,6_14_2022,5.8,,7_6_2022,1.7,,,_,,,7_29_2022,sequenced,Processed following protocol as written ,sequenced,,"DEPLETED, empty enriched tube - orange box, empty extracted - pink box,  ",n,enrich,enrich using old extracted dna (if there's enough),Depleted_UML_NARWHAL_R1_B3,DNA_extracted,Only sand in tissue sample 
052022_BEL_CBC_T1_39_MCAV,,,,,MCAV,2022,Diseased_Margin,269.3,7_17_2024,7.32,,,,,,,,,,,,,,,n,enrich,,UML_NARWHAL_R1_B3,UML_NARWHAL_R2_B26,
052022_BEL_CBC_T1_40_MCAV,T1_40 2022 EMPTY ,   ,T1_40 EMPTY ,,MCAV,2022,Diseased_Margin,70,6_14_2022,18.4,,7_6_2022,5.2,,,_,,,7_29_2022,sequenced,Processed following protocol as written ,sequenced,,DEPLETED,n,extract_from_depleted,,Depleted_UML_NARWHAL_R1_B3,DNA_extracted,Only sand left in tissue sample
052022_BEL_CBC_T2_13_PSTR,,,,,PSTR,2022,Healthy,173,9_12_2023,26.6,,10_6_2023,9.16,UML_NARWHAL_R2_B1,10_10_23,44.9,UML_F1_R2_B2,n,,sequenced,,10_19_23,,,y,done,,UML_NARWHAL_R1_B8,UML_NARWHAL_R2_B3,
052022_BEL_CBC_T2_14_PSTR,,,,,PSTR,2022,Healthy,71.6,9_12_2023,27.2,,10_6_2023,7.04,UML_NARWHAL_R2_B1,10_10_23,40.7,UML_F1_R2_B2,n,,sequenced,,10_19_23,,,y,done,,Depleted_UML_NARWHAL_R1_B8,UML_NARWHAL_R2_B3,Only sand left in tissue sample
052022_BEL_CBC_T3_8_PAST,,,,"T3_8?? (DUP, 2 (OR 3?) IN BOX)",PAST,2022,Healthy,_,6_17_2022,15.4,,7_14_2022,2.2,,,_,,,7_20_2022,,Actual tag 052022_10_T3_8_PAST,,,enriched - orange box,n,extract,redo extraction (can't find extracted dna & can't figure out what the enriched tubes are),Depleted_UML_NARWHAL_R1_B3,?,Only sand left in tissue sample
052022_BEL_CBC_T2_45_PSTR,,,,,PSTR,2022,Diseased_Margin,181,10_10_2023,22.8,,10_17_2023,7.5,UML_NARWHAL_R2_B1,y,0.772,UML_F1_R2_B2,n,,sequenced,,10_19_23,,,y,done,,UML_NARWHAL_R1_B8,UML_NARWHAL_R2_B3,
052022_BEL_CBC_T2_46_PSTR,,,,,PSTR,2022,Diseased_Tissue,162,10_10_2023,63.9,,10_17_2023,18.5,UML_NARWHAL_R2_B1,y,too low,UML_F1_R2_B2,n,,sequenced,,10_19_23,,,y,done,,UML_NARWHAL_R1_B8,UML_NARWHAL_R2_B3,
052022_BEL_CBC_T1_54_MCAV,,,,,MCAV,2022,Healthy,,,,,,,,,,,,,,,,,,n,extract,,UML_NARWHAL_R1_B3,,
052022_BEL_CBC_T2_59_OFAV,,,,,OFAV,2022,Healthy,174,10_3_2023,73.7,,10_16_2023,11.7,UML_NARWHAL_R2_B1,,,,,,sequenced,,10_19_23,,,y,done,,UML_NARWHAL_R1_B8,UML_NARWHAL_R2_B3,
052022_BEL_CBC_T1_57_MCAV,T1_57 2022 LOW ,,T1_57 EMPTY ,T1_57,MCAV,2022,Healthy,_,6_15_2022,75.5,,6_22_2022,1.43,,,2.4,,,6_24_2022,sequenced,Processed following protocol as written ,sequenced,,enriched - orange box,n,check extracted dna,enrich using old extracted dna (if there's enough),Depleted_UML_NARWHAL_R1_B3,DNA_extracted,Only sand left in tissue sample
052022_BEL_CBC_T1_52_PAST,T1_52 2022 LOW ,,,T1_52 (2 IN BOX - EMPTY),PAST,2022,Diseased_Tissue,_,6_17_2022,8.1,,7_14_2022,0.6,,,_,,,7_20_2022,sequenced,Duplicate seqs; Actual tag 052022_19_T1_52_PAST,sequenced,,enriched - orange box,n,check extracted dna,enrich using old extracted dna (if there's enough),,,was labelled as 2019 in metagenomics tracker?
052022_BEL_CBC_T2_7_PSTR,,,,,PSTR,2022,Healthy,288,9_12_2023,45.2,,10_6_2023,15.5,UML_NARWHAL_R2_B1,10_10_23,52.7,UML_F1_R2_B2,n,,sequenced,,10_19_23,,,y,done,,UML_NARWHAL_R1_B8,UML_NARWHAL_R2_B3,
052022_BEL_CBC_T2_71_OFAV,,,,,OFAV,2022,Healthy,168,10_3_2023,98.8,,10_16_2023,14,UML_NARWHAL_R2_B1,,,,,,sequenced,,10_19_23,,,y,done,,UML_NARWHAL_R1_B8,UML_NARWHAL_R2_B3,
052022_BEL_CBC_T2_72_OFAV,,,,,OFAV,2022,Healthy,75,10_3_2023,47.6,,10_11_23,3.96,UML_NARWHAL_R2_B1,10_12_23,0.522,UML_F1_R2_B2,n,,sequenced,,10_19_23,,,y,done,,Depleted_UML_NARWHAL_R1_B8,UML_NARWHAL_R2_B3,
052022_BEL_CBC_T2_8_PSTR,,,,,PSTR,2022,Healthy,144,9_12_2023,13.2,,10_6_2023,3.22,UML_NARWHAL_R2_B1,10_10_23,42,UML_F1_R2_B2,n,,sequenced,,10_19_23,,,y,done,,UML_NARWHAL_R1_B8,UML_NARWHAL_R2_B3,
052022_BEL_CBC_T1_60_MCAV,,,,T1_60 2022 EMPTY ,MCAV,2022,Diseased_Tissue,306,7_19_2024,4.47,,,,,,,,,,,,,,,n,enrich,,UML_NARWHAL_R1_B3,UML_NARWHAL_R2_B26,
052022_BEL_CBC_T1_62_MCAV,,,,,MCAV,2022,Healthy,,,,,,,,,,,,,,,,,,n,extract,,UML_NARWHAL_R1_B3,,
052022_BEL_CBC_T1_70_MCAV,T1_70 2022 LOW ,,T1_70 2022,T1_70 2022 EMPTY ,MCAV,2022,Diseased_Tissue,117,6_14_2022,95.0,,7_6_2022,5.6,,,_,,,7_29_2022,sequenced,Processed following protocol as written ,sequenced,,"DEPLETED, empty enriched tube - orange box ",n,check extracted dna,enrich using old extracted dna (if there's enough),Depleted_UML_NARWHAL_R1_B3,DNA_extracted,Only sand left in tissue sample
052022_BEL_CBC_T2_10_MCAV,T2_10 2022 LOW ,,T2_10 2022,T2_10,MCAV,2022,Healthy,_,6_15_2022,22.4,,6_22_2022,0.3,,,0.5,,,6_27_2022,sequenced,Processed following protocol as written ,sequenced,,"DEPLETED, empty enriched tube - orange box, empty extracted - pink box ",n,check extracted dna,enrich using old extracted dna (if there's enough),Depleted_UML_NARWHAL_R1_B8,DNA_extracted,Only sand left in tissue sample
052022_BEL_CBC_T2_12_MCAV,,,,,MCAV,2022,Healthy,,,,,,,,,,,,,,,,,,n,extract,,UML_NARWHAL_R1_B8,,
122022_BEL_CBC_T3_121_OFAV,,,,,OFAV,2022,Healthy,158,6_22_2023,103.2,,10_16_2023,39.9,UML_NARWHAL_R2_B1,,,,,,sequenced,,10_19_23,,,y,done,,UML_NARWHAL_R1_B5,UML_NARWHAL_R2_B3,
052022_BEL_CBC_T2_4_MCAV,,,,,MCAV,2022,Healthy,,,,,,,,,,,,,,,,,,n,extract,,UML_NARWHAL_R1_B8,,
052022_BEL_CBC_T2_56_MCAV,,,,,MCAV,2022,Healthy,,,,,,,,,,,,,,,,,,n,extract,,UML_NARWHAL_R1_B8,,
052022_BEL_CBC_T3_1_MCAV,T3_1 2022 LOW,T3_1 (DUP),T3_1 2022 LOW,"T3_1 (DUP?, 2 IN BOX)",MCAV,2022,Healthy,_,6_15_2022,37.0,,6_22_2022,3.6,,,1.8,,,6_27_2022,sequenced,Processed following protocol as written ,sequenced,,"enriched - orange box (small amnt left), extracted dna - pink box",n,check extracted dna,enrich using old extracted dna (if there's enough),Depleted_UML_NARWHAL_R1_B3,DNA_extracted,Only sand left in tissue sample
122022_BEL_CBC_T3_127_OFAV,,,,,OFAV,2022,Healthy,126,6_22_2023,36.3,,10_11_23,8.02,UML_NARWHAL_R2_B1,10_12_23,1.1,UML_F1_R2_B2,n,,sequenced,,10_19_23,,,y,done,,UML_NARWHAL_R1_B5,UML_NARWHAL_R2_B3,
052022_BEL_CBC_T3_13_MCAV,T3_13 2022 LOW,,T3_13 2022,T3_13,MCAV,2022,Healthy,_,6_15_2022,13.2,,6_22_2022,1,,,0.5,,,6_27_2022,sequenced,Processed following protocol as written ,sequenced,,enriched - orange box,n,check extracted dna,enrich using old extracted dna (if there's enough),UML_NARWHAL_R1_B3,DNA_extracted,
052022_BEL_CBC_T3_19_MCAV,T3_19 2022 LOW (2 IN BOX),,,T3_19 (2 IN BOX),MCAV,2022,Healthy,_,6_15_2022,38.2,,6_22_2022,6.3,,,0,,,6_27_2022,sequenced,Processed following protocol as written ,sequenced,,enriched - orange box,n,extract_from_depleted,2 tubes of everything so I don't trust it,Depleted_UML_NARWHAL_R1_B3,DNA_extracted,Only sand left in tissue sample
052022_BEL_CBC_T3_40_MCAV,T3_40 2022 LOW,,T3_40 2022,T3_40 2022 EMPTY ,MCAV,2022,Diseased_Margin,139,6_14_2022,24.7,13.3,7_6_2022,7.5,,,_,,,7_29_2022,sequenced,Used 3¬µl of water to reach initial volume of  16¬µl,sequenced,,"empty enriched tube - orange box, extracted dna - pink box  ",n,enrich,"checked concentrations, using old extraction ",UML_NARWHAL_R1_B3,DNA_extracted,
052022_BEL_CBC_T3_48_MCAV,T3_48 2022 LOW ,,T3_48 2022,T3_48 (2 IN BOX - 1 EMPTY),MCAV,2022,Diseased_Margin,155,6_14_2022,38.3,15.7,7_6_2022,6.4,,,_,,,7_29_2022,sequenced,Duplicate seqs; (Library Prep) Used 3¬µl of water to reach initial volume of  16¬µl; ,sequenced,,"empty enriched tube & no date enriched tube - orange box, extracted dna - pink box ",n,enrich,"checked concentrations, using old extraction ",UML_NARWHAL_R1_B3,DNA_extracted,
052022_BEL_CBC_T3_49_MCAV,T3_49 2022 LOW ,,T3_49 2022,T3_49 2022 EMPTY ,MCAV,2022,Diseased_Tissue,142,6_14_2022,41.9,23.7,7_6_2022,5.8,,,_,,,7_29_2022,sequenced,Processed following protocol as written ,sequenced,,extracted dna - pink box ,n,enrich,"checked concentrations, using old extraction ",Depleted_UML_NARWHAL_R1_B3,DNA_extracted,Only sand left in tissue sample
052022_BEL_CBC_T3_50_MCAV,T3_50 2022 LOW ,,T3_50 2022,,MCAV,2022,Diseased_Margin,56,6_14_2022,0.0,1.9,_,_,_,_,_,_,_,_,_,_,_,_,extracted dna - pink box ,n,check extracted dna,enrich using old extracted dna (if there's enough),Depleted_UML_NARWHAL_R1_B3,DNA_extracted,Only sand left in tissue sample
052022_BEL_CBC_T3_51_MCAV,T3_51 2022 LOW,,T3_51 2022,T3_51 2022 EMPTY ,MCAV,2022,Diseased_Tissue,104,6_14_2022,30.8,20.3,7_6_2022,1.5,,,_,,,7_29_2022,sequenced,Processed following protocol as written ,sequenced,,extracted dna - pink box ,n,enrich,"checked concentrations, using old extraction ",Depleted_UML_NARWHAL_R1_B3,DNA_extracted,Only sand left in tissue sample
052022_BEL_CBC_T3_60_MCAV,T3_60 2022 LOW ,,T3_60 2022 ,T3_60 2022 (2 IN BOX),MCAV,2022,Diseased_Tissue,187,6_14_2022,4.4,,8_8_2022,2.72,,,_,,,8_30_2022,sequenced,Processed following protocol as written ,sequenced,,enriched - orange box,n,enrich,,UML_NARWHAL_R1_B3,DNA_extracted,
062019_BEL_CBC_T1_8_PAST,"T1_8 2019 (2 IN BOX - 1EMPTY, 1 LOW) ",,,T1_8 2019 ,PAST,2019,Healthy,_,6_17_2022,13.8,,8_8_2022,2.35,,,_,,,8_30_2022,sequenced,Processed following protocol as written ,sequenced,,enriched - orange box,n,extract,redo extraction - unclear what the enriched tube is ,UML_NARWHAL_R1_B1,DNA_extracted,
122022_BEL_CBC_T3_147_OFAV,,,,,OFAV,2022,Healthy,155,6_22_2023,50.7,,10_11_23,12.9,UML_NARWHAL_R2_B1,10_12_23,1.82,UML_F1_R2_B2,n,,sequenced,,10_19_23,,,y,done,,UML_NARWHAL_R1_B5,UML_NARWHAL_R2_B3,
122022_BEL_CBC_T3_149_OANN,,,,,OANN,2022,Healthy,146,6_22_2023,7.1,,10_16_2023,7.3,UML_NARWHAL_R2_B1,,,,,,sequenced,,10_19_23,,,y,done,,UML_NARWHAL_R1_B5,UML_NARWHAL_R2_B3,
062019_BEL_CBC_T1_16_MCAV,T1_16 2019 LOW,T1_16,T1_16 EMPTY ,T1_16,MCAV,2019,Healthy,188,6_13_2022,8.6,,7_1_2022,2.7,,,_,,,7_20_2022,sequenced,Processed following protocol as written ,sequenced,,enriched - orange box,n,check extracted dna,,UML_NARWHAL_R1_B1,DNA_extracted,
062019_BEL_CBC_T3_31_PAST,T3_31 2019 EMPTY ,,,T3_31 2019 (2 IN BOX),PAST,2019,Healthy,_,6_17_2022,5.4,,8_8_2022,1.63,,,_,,,8_30_2022,sequenced,Processed following protocol as written ,sequenced,,enriched - orange box,n,extract,redo extraction - unclear what the enriched tube is ,UML_NARWHAL_R1_B1,DNA_extracted,
062019_BEL_CBC_T1_17_MCAV,,T1_17,,,MCAV,2019,Healthy,,,,,,,,,,,,,,,,,,n,check extracted dna,,UML_NARWHAL_R1_B1,,
062019_BEL_CBC_T1_20_MCAV,T1_20 2019 LOW ,T1_20,,T1_20 ,MCAV,2019,Healthy,_,5_18_2022,20.8,4.83,8_8_2022,2.41,,,_,,,8_30_2022,sequenced,Processed following protocol as written ,sequenced,,"enriched - orange box (small amnt left), extracted dna - orange box ",n,enrich,enrich using old extracted dna (if there's enough),UML_NARWHAL_R1_B1,DNA_extracted,
052022_BEL_CBC_T1_34_PAST,,,,,PAST,2022,Healthy,,,,,,,,,,,,,,,,,,n,extract,,UML_NARWHAL_R1_B3,,
062019_BEL_CBC_T1_22_MCAV,,T1_22,,,MCAV,2019,Healthy,,,,,,,,,,,,,,,,,,n,check extracted dna,,UML_NARWHAL_R1_B1,,
062019_BEL_CBC_T1_24_MCAV,T1_24 2019 EMPTY ,T1_24,,T1_24 (2 IN BOX),MCAV,2019,Healthy,177,6_13_2022,7.1,6.83,7_1_2022,1.4,,,_,,,7_20_2022,sequenced,Duplicate seqs; Processed following protocol as written ,sequenced,,"enriched - orange box (small amnt left), extracted dna - orange box ",n,enrich,enrich using old extracted dna ,Depleted_UML_NARWHAL_R1_B1,DNA_extracted,Only sand left in tissue sample
062019_BEL_CBC_T1_3_MCAV,,T1_3 (2 IN BOX),,,MCAV,2019,Healthy,,extracted,,2.81,,,,,,,,,sequenced,,sequenced,,extracted dna - orange box ,n,extract,redo extraction - unclear tubes,UML_NARWHAL_R1_B1,DNA_extracted,
122022_BEL_CBC_T1_123_OANN,,,,,OANN,2022,Healthy,160.2,7_16_2024,9.51,,,,,,,,,,,,,,,n,enrich,,UML_NARWHAL_R1_B4,UML_NARWHAL_R2_B26,
052022_BEL_CBC_T2_69_OANN,,,,,OANN,2022,Healthy,134,10_3_2023,133.1,,,,,,,,,,,,,,extracted dna - B3,n,enrich,,Depleted_UML_NARWHAL_R1_B8,UML_NARWHAL_R2_B3,Only sand left in tissue sample
122022_BEL_CBC_T4_16_OFAV,,,,,OFAV,2022,Healthy,142,6_27_2023,20.6,,10_11_23,3.9,UML_NARWHAL_R2_B1,10_12_23,0.2,UML_F1_R2_B2,n,,sequenced,,10_19_23,,,y,done,,UML_NARWHAL_R1_B5,UML_NARWHAL_R2_B3,
062019_BEL_CBC_T1_4_MCAV,T1_4 2019 LOW,T1_4,T1_4,,MCAV,2019,Healthy,,,,,,,,,,,,,,,,,,n,check extracted dna,,UML_NARWHAL_R1_B1,DNA_extracted,
062019_BEL_CBC_T1_6_MCAV,,T1_6,,,MCAV,2019,Healthy,,,,,,,,,,,,,,,,,,n,check extracted dna,,UML_NARWHAL_R1_B1,,
062019_BEL_CBC_T1_9_MCAV,,T1_9,,,MCAV,2019,Healthy,,,,,,,,,,,,,,,,,,n,check extracted dna,,UML_NARWHAL_R1_B1,,
062019_BEL_CBC_T2_16_MCAV,,T2_16 ,T3_16 or t2??,T2_16 (2 IN BOX),MCAV,2019,Healthy,_,5_18_2022,6.1,,8_8_2022,1.89,,,_,,,8_30_2022,sequenced,Duplicate seqs; Processed following protocol as written ,sequenced,,enriched - orange box,n,check extracted dna,,Depleted_UML_NARWHAL_R1_B1,DNA_extracted,Only sand left in tissue sample
062019_BEL_CBC_T2_18_MCAV,,T2_18,,,MCAV,2019,Healthy,,,,,,,,,,,,,,,,,,n,check extracted dna,,UML_NARWHAL_R1_B1,,
062019_BEL_CBC_T2_23_MCAV,,T2_23,,,MCAV,2019,Healthy,,,,,,,,,,,,,,,,,,n,check extracted dna,,UML_NARWHAL_R1_B1,,
062019_BEL_CBC_T2_28_MCAV,T2_28 2019 LOW,T2_28,T2_28,,MCAV,2019,Healthy,,,,,,,,,,,,,,,,,,n,check extracted dna,,Depleted_UML_NARWHAL_R1_B1,DNA_extracted,Only sand left in tissue sample
062019_BEL_CBC_T2_5_MCAV,,T2_5 (2 IN THE BOX),,,MCAV,2019,Healthy,,extracted,,17.6,,,,,,,,,sequenced,,sequenced,,extracted dna - orange box ,n,extract,redo extraction - unclear tubes,UML_NARWHAL_R1_B1,DNA_extracted,
062019_BEL_CBC_T2_8_MCAV,,T2_8,,,MCAV,2019,Healthy,,,,,,,,,,,,,,,,,,n,check extracted dna,,UML_NARWHAL_R1_B1,,
052022_BEL_CBC_T1_63_OFAV,,,,,OFAV,2022,Healthy,174.4,7_16_2024,9.86,,,,,,,,,,,,,,,n,enrich,,UML_NARWHAL_R1_B3,UML_NARWHAL_R2_B26,
062019_BEL_CBC_T2_9_MCAV,,T2_9,,,MCAV,2019,Healthy,,,,,,,,,,,,,,,,,,n,check extracted dna,,UML_NARWHAL_R1_B1,,
062019_BEL_CBC_T3_1_MCAV,T3_1 2019 LOW,T3_1 (DUP),T3_1 2019 ,"T3_1 (DUP?, 2 IN BOX)",MCAV,2019,Healthy,113,6_13_2022,3.9,,7_1_2022,0.6,,,_,,,7_20_2022,sequenced,Processed following protocol as written ,sequenced,,"enriched - orange box (small amnt left), extracted dna - pink box",n,check extracted dna,,Depleted_UML_NARWHAL_R1_B1,DNA_extracted,Only sand left in tissue sample
062019_BEL_CBC_T3_11_MCAV,,T3_11,,,MCAV,2019,Healthy,,,,,,,,,,,,,,,,,,n,check extracted dna,,UML_NARWHAL_R1_B1,,
062019_BEL_CBC_T3_14_MCAV,T3_14 2019 LOW,T3_14,T3_14 2019 ,T3_14 ,MCAV,2019,Healthy,162,6_13_2022,3.6,,7_1_2022,2.1,,,_,,,7_20_2022,sequenced,Processed following protocol as written ,sequenced,,enriched - orange box,n,check extracted dna,,UML_NARWHAL_R1_B1,DNA_extracted,
062019_BEL_CBC_T3_15_MCAV,T3_15 2019 LOW (2 IN BOX),T3_15,T3_15 2019 (2 IN BOX),T3_15 (DUP?),MCAV,2019,Healthy,199,6_13_2022,7.7,,7_1_2022,2.5,,,_,,,7_20_2022,sequenced,Processed following protocol as written ,sequenced,,"enriched - orange box (small amnt left), extracted dna - pink box",n,check extracted dna,,UML_NARWHAL_R1_B1,DNA_extracted,
062019_BEL_CBC_T3_16_MCAV,T3_16 2019 LOW ,T3_16 (2 IN BOX),,,MCAV,2019,Healthy,,7_10_2020,,,,,,,,,,,sequenced,,sequenced,,extracted dna - pink box,n,check extracted dna,redo extraction,UML_NARWHAL_R1_B1,DNA_extracted,
062019_BEL_CBC_T3_6_MCAV,,T3_6,,,MCAV,2019,Healthy,,extracted,,,,,,,,,,,sequenced,,sequenced,,extracted dna - orange box ,n,check extracted dna,redo extraction,UML_NARWHAL_R1_B1,DNA_extracted,
062019_BEL_CBC_T3_8_MCAV,T3_8 2019 LOW ,T3_8,T3_8,"T3_8?? (NO DATE - POTENTIALLY DUP, 2 IN BOX )",MCAV,2019,Healthy,_,5_18_2022,7.8,3.67,8_8_2022,-16.13,,,_,,,8_30_2022,sequenced,Duplicate seqs; Processed following protocol as written ,sequenced,,"(2x) T3-8 enriched tubes in orange box, 1 empty, extracted - pink box, extracted dna - orange box ",n,check extracted dna,"redo extraction or enrich using old extracted??since there are multiple tubes of enriched, just going to start from the extracted dna or redo extraction",UML_NARWHAL_R1_B1,DNA_extracted,
122022_BEL_CBC_T4_1_OFAV,,,,,OFAV,2022,Healthy,183.5,7_16_2024,44.7,,,,,,,,,,,,,,,n,enrich,,UML_NARWHAL_R1_B5,UML_NARWHAL_R2_B26,
062019_BEL_CBC_T3_9_MCAV,T3_9 2019 LOW ,T3_9,T3_9 EMPTY ,T3_9 EMPTY ,MCAV,2019,Healthy,162,6_13_2022,0.8,9.39,7_1_2022,1.3,,,_,,,7_20_2022,sequenced,Processed following protocol as written ,sequenced,,"empty enriched tube - orange box, empty extracted - pink box, extracted dna - orange box ",n,check extracted dna,enrich using old extracted dna ,UML_NARWHAL_R1_B1,DNA_extracted,
122022_BEL_CBC_T1_144_MCAV,,,,,MCAV,2022,Diseased_Tissue,248,7_19_2024,3.03,,,,,,,,,,,,,,,n,enrich,,UML_NARWHAL_R1_B4,UML_NARWHAL_R2_B26,
122022_BEL_CBC_T1_151_MCAV,,,,,MCAV,2022,Healthy,,,,,,,,,,,,,,,,,,n,extract,,UML_NARWHAL_R1_B4,,
122022_BEL_CBC_T2_102_OFAV,,,,,OFAV,2022,Diseased_Tissue,127,6_28_2023,56.1,,10_17_2023,16.8,UML_NARWHAL_R2_B1,y,too low,UML_F1_R2_B2,n,,sequenced,,10_19_23,,,y,done,,UML_NARWHAL_R1_B4,UML_NARWHAL_R2_B3,
122022_BEL_CBC_T1_153_MCAV,,,,,MCAV,2022,Healthy,,,,,,,,,,,,,,,,,,n,extract,,UML_NARWHAL_R1_B4,,
102019_BEL_CBC_T2_35_PSTR,,,,,PSTR,2019,Healthy,219.4,7_12_2024,19.0,,,,,,,,,,,,,,coral tissue - B2,n,enrich,,UML_NARWHAL_R1_B2,UML_NARWHAL_R2_B26,
122022_BEL_CBC_T2_119_OANN,,,,,OANN,2022,Diseased_Tissue,160,6_28_2023,6.7,,10_17_2023,3.6,UML_NARWHAL_R2_B1,y,too low,UML_F1_R2_B2,n,,sequenced,,10_19_23,,,y,done,,UML_NARWHAL_R1_B4,UML_NARWHAL_R2_B3,
122022_BEL_CBC_T2_85_MCAV,,,,,MCAV,2022,Healthy,,,,,,,,,,,,,,,,,,n,extract,,UML_NARWHAL_R1_B4,,
122022_BEL_CBC_T4_12_PSTR,,,,,PSTR,2022,Diseased_Margin,179.5,7_11_2024,3.49,,,,,,,,,,,,,,,n,enrich,,UML_NARWHAL_R1_B5,UML_NARWHAL_R2_B26,
122022_BEL_CBC_T4_13_PSTR,,,,,PSTR,2022,Diseased_Tissue,178.7,7_3_2024,6.21,,,,,,,,,,,,,,,n,enrich,,UML_NARWHAL_R1_B5,,
122022_BEL_CBC_T4_35_PSTR,,,,,PSTR,2022,Diseased_Margin,207.7,7_11_2024,13.0,,,,,,,,,,,,,,,n,enrich,,UML_NARWHAL_R1_B5,UML_NARWHAL_R2_B26,
122022_BEL_CBC_T2_86_MCAV,,,,,MCAV,2022,Healthy,,,,,,,,,,,,,,,,,,n,extract,,UML_NARWHAL_R1_B4,,
122022_BEL_CBC_T2_87_OFAV,,,,,OFAV,2022,Healthy,176,6_27_2023,62.2,,10_11_23,13.4,UML_NARWHAL_R2_B1,10_12_23,1.43,UML_F1_R2_B2,n,,sequenced,,10_19_23,,,y,done,,UML_NARWHAL_R1_B4,UML_NARWHAL_R2_B3,
122022_BEL_CBC_T4_36_PSTR,,,,,PSTR,2022,Diseased_Tissue,177.3,7_3_2024,34.8,,,,,,,,,,,,,,,n,enrich,,UML_NARWHAL_R1_B5,,
122022_BEL_CBC_T1_132_PSTR,,,,,PSTR,2022,Diseased_Tissue,171.6,7_3_2024,29.4,,,,,,,,,,,,,,,n,enrich,,UML_NARWHAL_R1_B4,,
122022_BEL_CBC_T2_88_MCAV,,,,,MCAV,2022,Healthy,,,,,,,,,,,,,,,,,,n,extract,,UML_NARWHAL_R1_B4,,
122022_BEL_CBC_T2_92_MCAV,,,,,MCAV,2022,Healthy,,,,,,,,,,,,,,,,,,n,extract,,UML_NARWHAL_R1_B4,,
122022_BEL_CBC_T2_95_MCAV,,,,,MCAV,2022,Healthy,,,,,,,,,,,,,,,,,,n,extract,,UML_NARWHAL_R1_B4,,
122022_BEL_CBC_T2_117_PSTR,,,,,PSTR,2022,Diseased_Tissue,280.8,7_3_2024,22.5,,,,,,,,,,,,,,,n,enrich,,UML_NARWHAL_R1_B4,,
122022_BEL_CBC_T1_133_PSTR,,,,,PSTR,2022,Diseased_Margin,179,7_11_2024,9.9,,,,,,,,,,,,,,,n,enrich,,UML_NARWHAL_R1_B4,UML_NARWHAL_R2_B26,
122022_BEL_CBC_T2_116_PSTR,,,,,PSTR,2022,Diseased_Margin,188.7,7_11_2024,7.87,,,,,,,,,,,,,,,n,enrich,,UML_NARWHAL_R1_B4,UML_NARWHAL_R2_B26,
122022_BEL_CBC_T3_119_MCAV,,,,,MCAV,2022,Healthy,,,,,,,,,,,,,,,,,,n,extract,,UML_NARWHAL_R1_B5,,
122022_BEL_CBC_T3_117_PSTR,,,,,PSTR,2022,Healthy,180.1,7_12_2024,22.7,,,,,,,,,,,,,,,n,enrich,,UML_NARWHAL_R1_B5,UML_NARWHAL_R2_B26,
122022_BEL_CBC_T3_128_MCAV,,,,,MCAV,2022,Healthy,,,,,,,,,,,,,,,,,,n,extract,,UML_NARWHAL_R1_B5,,
122022_BEL_CBC_T3_132_MCAV,,,,,MCAV,2022,Diseased_Tissue,182.4,7_19_2024,14.1,,,,,,,,,,,,,,,n,enrich,,UML_NARWHAL_R1_B5,UML_NARWHAL_R2_B26,
122022_BEL_CBC_T3_141_PSTR,,,,,PSTR,2022,Healthy,219.4,7_12_2024,6.21,,,,,,,,,,,,,,,n,enrich,,UML_NARWHAL_R1_B5,UML_NARWHAL_R2_B26,
122022_BEL_CBC_T3_151_PSTR,,,,,PSTR,2022,Healthy,171.6,7_12_2024,10.8,,,,,,,,,,,,,,,n,enrich,,UML_NARWHAL_R1_B5,UML_NARWHAL_R2_B26,
122022_BEL_CBC_T3_158_PSTR,,,,,PSTR,2022,Healthy,283.9,7_12_2024,8.87,,,,,,,,,,,,,,,n,enrich,,UML_NARWHAL_R1_B5,UML_NARWHAL_R2_B26,
122022_BEL_CBC_T3_163_PSTR,,,,,PSTR,2022,Healthy,172.3,7_12_2024,12.0,,,,,,,,,,,,,,,n,enrich,,UML_NARWHAL_R1_B5,UML_NARWHAL_R2_B26,
122022_BEL_CBC_T4_34_PSTR,,,,,PSTR,2022,Healthy,270.4,7_12_2024,3.99,,,,,,,,,,,,,,,n,enrich,,UML_NARWHAL_R1_B5,UML_NARWHAL_R2_B26,
122022_BEL_CBC_T3_133_MCAV,,,,,MCAV,2022,Diseased_Margin,205.6,7_17_2024,3.5,,,,,,,,,,,,,,,n,enrich,,UML_NARWHAL_R1_B5,UML_NARWHAL_R2_B26,
122022_BEL_CBC_T3_142_MCAV,,,,,MCAV,2022,Healthy,,,,,,,,,,,,,,,,,,n,extract,,UML_NARWHAL_R1_B5,,
122022_BEL_CBC_T3_145_MCAV,,,,,MCAV,2022,Diseased_Tissue,187.5,7_19_2024,5.74,,,,,,,,,,,,,,,n,enrich,,UML_NARWHAL_R1_B5,UML_NARWHAL_R2_B26,
052022_BEL_CBC_T1_10_PSTR,,,,,PSTR,2022,Diseased_Margin,141,6_15_2023,11.1,,10_17_2023,3.6,UML_NARWHAL_R2_B1,y,0.182,UML_F1_R2_B2,n,,sequenced,,10_19_23,,,y,done,,UML_NARWHAL_R1_B3,UML_NARWHAL_R2_B3,
052022_BEL_CBC_T1_11_PSTR,,,,,PSTR,2022,Diseased_Tissue,133,6_15_2023,3.2,,10_17_2023,1.5,UML_NARWHAL_R2_B1,y,too low,UML_F1_R2_B2,n,,sequenced,host cleaning needs to be redone,10_19_23,,,y,done,,UML_NARWHAL_R1_B3,UML_NARWHAL_R2_B3,
122022_BEL_CBC_T3_155_MCAV,,,,,MCAV,2022,Healthy,,,,,,,,,,,,,,,,,,n,extract,,UML_NARWHAL_R1_B5,,
052022_BEL_CBC_T1_35_OANN,,,,,OANN,2022,Healthy,84.1,6_21_2023,3.8,,10_16_2023,5.1,UML_NARWHAL_R2_B1,,,,,,sequenced,,10_19_23,,,y,done,,Depleted_UML_NARWHAL_R1_B3,UML_NARWHAL_R2_B3,Only sand left in tissue sample
122022_BEL_CBC_T4_11_MCAV,,,,,MCAV,2022,Healthy,,,,,,,,,,,,,,,,,,n,extract,,UML_NARWHAL_R1_B5,,
052022_BEL_CBC_T1_4_PSTR,,,,,PSTR,2022,Healthy,124,6_8_2023,28.2,,10_6_2023,7.26,UML_NARWHAL_R2_B1,10_10_23,47,UML_F1_R2_B2,n,,sequenced,,10_19_23,,,y,done,,UML_NARWHAL_R1_B3,UML_NARWHAL_R2_B3,
052022_BEL_CBC_T1_41_OANN,,,,,OANN,2022,Healthy,118,6_21_2023,11.1,,10_16_2023,1.9,UML_NARWHAL_R2_B1,y,39.7,UML_F1_R2_B2,n,,sequenced,,10_19_23,,,y,done,,Depleted_UML_NARWHAL_R1_B3,UML_NARWHAL_R2_B3,
122022_BEL_CBC_T4_14_MCAV,,,,,MCAV,2022,Diseased_Margin,118.5,7_17_2024,5.99,,,,,,,,,,,,,,,n,enrich,,UML_NARWHAL_R1_B5,UML_NARWHAL_R2_B26,
122022_BEL_CBC_T4_15_MCAV,,,,,MCAV,2022,Diseased_Tissue,215,7_19_2024,2.03,,,,,,,,,,,,,,,n,enrich,,UML_NARWHAL_R1_B5,UML_NARWHAL_R2_B26,
052022_BEL_CBC_T1_53_PAST,,,,,PAST,2022,Healthy,,,,,,,,,,,,,,,,,,n,extract,,UML_NARWHAL_R1_B3,,
052022_BEL_CBC_T1_55_PSTR,,,,,PSTR,2022,Healthy,127,6_8_2023,9.4,,10_6_2023,2.58,UML_NARWHAL_R2_B1,10_10_23,39.2,UML_F1_R2_B2,n,,sequenced,,10_19_23,,,y,done,,UML_NARWHAL_R1_B3,UML_NARWHAL_R2_B3,
052022_BEL_CBC_T1_61_PAST,,,,,PAST,2022,Healthy,,,,,,,,,,,,,,,,,,n,extract,,UML_NARWHAL_R1_B3,,
052022_BEL_CBC_T2_11_PAST,,,,T2_11 2022,PAST,2022,Healthy,_,6_17_2022,141.7,,7_14_2022,1.8,,,_,,,7_20_2022,sequenced,Actual tag 052022_57_T2_11_PAST,sequenced,,very little coral tissue - B1,n,extract,redo - labeleld as 2019 in metagenomics tracker?,Depleted_UML_NARWHAL_R1_B8,DNA_extracted,Only sand left in tissue sample; labelled as 2019 in metagenomics tracker?
122022_BEL_CBC_T4_4_PSTR,,,,,PSTR,2022,Healthy,163.1,7_12_2024,7.07,,,,,,,,,,,,,,,n,enrich,Is one of these T4_1?,UML_NARWHAL_R1_B5,UML_NARWHAL_R2_B26,Is one of these T4_1?
122022_BEL_CBC_T4_8_PSTR,,,,,PSTR,2022,Healthy,95.5,7_12_2024,4.63,,,,,,,,,,,,,,,n,enrich,,UML_NARWHAL_R1_B5,UML_NARWHAL_R2_B26,
122022_BEL_CBC_T1_122_PSTR,,,,,PSTR,2022,Healthy,199.4,7_12_2024,9.58,,,,,,,,,,,,,,,n,enrich,,UML_NARWHAL_R1_B4,UML_NARWHAL_R2_B26,
052022_BEL_CBC_T3_15_PSTR,,,,,PSTR,2022,Healthy,88,6_8_2023,13.3,,10_6_2023,3.16,UML_NARWHAL_R2_B1,10_10_23,39.6,UML_F1_R2_B2,n,,sequenced,,10_19_23,,,y,done,,Depleted_UML_NARWHAL_R1_B3,UML_NARWHAL_R2_B3,Only sand left in tissue sample
052022_BEL_CBC_T3_23_PSTR,,,,,PSTR,2022,Healthy,148,6_8_2023,20.6,,10_6_2023,4.82,UML_NARWHAL_R2_B1,10_10_23,38.5,UML_F1_R2_B2,n,,sequenced,,10_19_23,,,y,done,,UML_NARWHAL_R1_B3,UML_NARWHAL_R2_B3,
122022_BEL_CBC_T2_120_PSTR,,,,,PSTR,2022,Healthy,176.1,7_12_2024,14.7,,,,,,,,,,,,,,,n,enrich,,UML_NARWHAL_R1_B4,UML_NARWHAL_R2_B26,
052022_BEL_CBC_T3_3_PSTR,,,,,PSTR,2022,Healthy,121,6_8_2023,7.0,,10_6_2023,1.66,UML_NARWHAL_R2_B1,10_10_23,41.8,UML_F1_R2_B2,n,,sequenced,,10_19_23,,,y,done,,Depleted_UML_NARWHAL_R1_B3,UML_NARWHAL_R2_B3,Only sand left in tissue sample
052022_BEL_CBC_T2_5_PAST,,,,,PAST,2022,Healthy,,,,,,,,,,,,,,,,,,n,extract,,UML_NARWHAL_R1_B8,,
052022_BEL_CBC_T2_60_PAST,,,,,PAST,2022,Diseased_Margin,,,,,,,,,,,,,,,,,,n,extract,,UML_NARWHAL_R1_B8,,
052022_BEL_CBC_T3_65_OFAV,,,,,OFAV,2022,Healthy,167,6_21_2023,26.8,,10_11_23,5.76,UML_NARWHAL_R2_B1,10_12_23,0.644,UML_F1_R2_B2,n,,sequenced,,10_19_23,,,y,done,,UML_NARWHAL_R1_B3,UML_NARWHAL_R2_B3,
052022_BEL_CBC_T3_66_OFAV,,,,,OFAV,2022,Healthy,155,6_21_2023,17.8,,10_11_23,too low,UML_NARWHAL_R2_B1,10_12_23,0.568,UML_F1_R2_B2,n,,sequenced,,10_19_23,,,y,done,,UML_NARWHAL_R1_B3,UML_NARWHAL_R2_B3,
052022_BEL_CBC_T2_62_PAST,,,,,PAST,2022,Diseased_Tissue,,,,,,,,,,,,,,,,,,n,extract,Formerly said depleted,UML_NARWHAL_R1_B8,,Formerly said depleted
102019_BEL_CBC_T1_25_PSTR,,,,,PSTR,2019,Healthy,151,5_25_2023,23.2,,10_17_2023,8.2,UML_NARWHAL_R2_B1,y,too low,UML_F1_R2_B2,n,,sequenced,host cleaning needs to be redone,10_19_23,,,y,done,,UML_NARWHAL_R1_B2,UML_NARWHAL_R2_B3,
102019_BEL_CBC_T1_26_PSTR,,,,,PSTR,2019,Healthy,107,5_25_2023,23.1,,10_17_2023,8,UML_NARWHAL_R2_B1,y,0.692,UML_F1_R2_B2,n,,sequenced,,10_19_23,,,y,done,,UML_NARWHAL_R1_B2,UML_NARWHAL_R2_B3,
102019_BEL_CBC_T1_27_PSTR,,,,,PSTR,2019,Healthy,198,5_30_2023,19.1,,10_17_2023,6.7,UML_NARWHAL_R2_B1,y,0.27,UML_F1_R2_B2,n,,sequenced,,10_19_23,,,y,done,,UML_NARWHAL_R1_B2,UML_NARWHAL_R2_B3,
102019_BEL_CBC_T1_28_PSTR,,,,,PSTR,2019,Healthy,120,5_30_2023,7.2,,10_17_2023,2.9,UML_NARWHAL_R2_B1,y,0.32,UML_F1_R2_B2,n,,sequenced,,10_19_23,,,y,done,,UML_NARWHAL_R1_B2,UML_NARWHAL_R2_B3,
102019_BEL_CBC_T1_30_PSTR,,,,,PSTR,2019,Healthy,128,6_1_2023,8.6,,9_27_2023,2.2,UML_NARWHAL_R2_B1,9_29_23,1,UML_F1_R2_B2,9_29_23,,sequenced,,10_19_23,,,y,done,,UML_NARWHAL_R1_B2,UML_NARWHAL_R2_B3,
102019_BEL_CBC_T1_31_PSTR,,,,,PSTR,2019,Healthy,128,6_1_2023,13.2,,9_27_2023,4,UML_NARWHAL_R2_B1,9_29_23,0.4,UML_F1_R2_B2,9_29_23,,sequenced,,10_19_23,,,y,done,,UML_NARWHAL_R1_B2,UML_NARWHAL_R2_B3,
102019_BEL_CBC_T2_30_PSTR,,,,,PSTR,2019,Healthy,129,6_1_2023,32.6,,9_27_2023,9.5,UML_NARWHAL_R2_B1,9_29_23,2.2,UML_F1_R2_B2,9_29_23,,sequenced,,10_19_23,10_19_23,,y,done,,UML_NARWHAL_R1_B2,UML_NARWHAL_R2_B3,
102019_BEL_CBC_T2_31_PSTR,,,,,PSTR,2019,Healthy,152,6_1_2023,26.3,,9_27_2023,8.5,UML_NARWHAL_R2_B1,9_29_23,1.5,UML_F1_R2_B2,9_29_23,,sequenced,,10_19_23,10_19_23,,y,done,,UML_NARWHAL_R1_B2,UML_NARWHAL_R2_B3,
102019_BEL_CBC_T2_32_PSTR,,,,,PSTR,2019,Healthy,122,6_6_2023,9.8,,9_28_2023,2.6,UML_NARWHAL_R2_B1,9_28_2023,1.3,UML_F1_R2_B2,9_29_2023,,sequenced,,10_19_23,,,y,done,,UML_NARWHAL_R1_B2,UML_NARWHAL_R2_B3,
102019_BEL_CBC_T2_33_PSTR,,,,,PSTR,2019,Healthy,125,6_6_2023,19.0,,9_28_2023,6.1,UML_NARWHAL_R2_B1,9_28_2023,2.4,UML_F1_R2_B2,9_29_2023,,sequenced,,10_19_23,,,y,done,,UML_NARWHAL_R1_B2,UML_NARWHAL_R2_B3,
102019_BEL_CBC_T2_34_PSTR,,,,,PSTR,2019,Healthy,138,6_6_2023,7.1,,9_28_2023,2.4,UML_NARWHAL_R2_B1,9_28_2023,1.7,UML_F1_R2_B2,9_29_2023,,sequenced,,10_19_23,,,y,done,,UML_NARWHAL_R1_B2,UML_NARWHAL_R2_B3,
102019_BEL_CBC_T2_36_PSTR,,,,,PSTR,2019,Healthy,123,6_6_2023,26.7,,9_28_2023,3.5,UML_NARWHAL_R2_B1,9_28_2023,1.8,UML_F1_R2_B2,9_29_2023,,sequenced,,10_19_23,,,y,done,,UML_NARWHAL_R1_B2,UML_NARWHAL_R2_B3,
102019_BEL_CBC_T3_34_PSTR,,,,,PSTR,2019,Healthy,128,6_6_2023,7.5,,10_4_2023,3.2,UML_NARWHAL_R2_B1,10_4_2023,,UML_F1_R2_B2,n,,sequenced,,10_19_23,,,y,done,,UML_NARWHAL_R1_B2,UML_NARWHAL_R2_B3,
102019_BEL_CBC_T3_35_PSTR,,,,,PSTR,2019,Healthy,255,6_6_2023,30.3,,10_4_2023,12.9,UML_NARWHAL_R2_B1,10_4_2023,,UML_F1_R2_B2,n,,sequenced,,10_19_23,,,y,done,,UML_NARWHAL_R1_B2,UML_NARWHAL_R2_B3,
102019_BEL_CBC_T3_36_PSTR,,,,,PSTR,2019,Healthy,125,6_6_2023,14.8,,10_4_2023,5,UML_NARWHAL_R2_B1,10_4_2023,,UML_F1_R2_B2,n,,sequenced,,10_19_23,,,y,done,,UML_NARWHAL_R1_B2,UML_NARWHAL_R2_B3,
102019_BEL_CBC_T3_37_PSTR,,,,,PSTR,2019,Healthy,169,6_7_2023,52.6,,10_4_2023,8.9,UML_NARWHAL_R2_B1,10_4_2023,,UML_F1_R2_B2,n,,sequenced,,10_19_23,,,y,done,,UML_NARWHAL_R1_B2,UML_NARWHAL_R2_B3,
102019_BEL_CBC_T3_38_PSTR,,,,,PSTR,2019,Healthy,156,6_7_2023,14.2,,10_4_2023,3.8,UML_NARWHAL_R2_B1,10_4_2023,,UML_F1_R2_B2,n,,sequenced,,10_19_23,,,y,done,,UML_NARWHAL_R1_B2,UML_NARWHAL_R2_B3,
102019_BEL_CBC_T3_39_PSTR,,,,,PSTR,2019,Healthy,152,6_7_2023,24.2,,10_6_2023,5.48,UML_NARWHAL_R2_B1,10_10_23,43.4,UML_F1_R2_B2,n,,sequenced,,10_19_23,,,y,done,,UML_NARWHAL_R1_B2,UML_NARWHAL_R2_B3,
102019_BEL_CBC_T3_40_PSTR,,,,,PSTR,2019,Healthy,153,6_7_2023,20.4,,10_6_2023,5.3,UML_NARWHAL_R2_B1,10_10_23,,UML_F1_R2_B2,n,,sequenced,,10_19_23,,,y,done,,UML_NARWHAL_R1_B2,UML_NARWHAL_R2_B3,
052022_BEL_CBC_T2_9_PAST,,,,,PAST,2022,Healthy,,,,,,,,,,,,,,,,,,n,extract,,UML_NARWHAL_R1_B8,,
052022_BEL_CBC_T3_10_PAST,,,,T3_10 PAST EMPTY,PAST,2022,Healthy,,,,,,,,,,,,,,,,,,n,extract,,Depleted_UML_NARWHAL_R1_B3,,Only sand left in tissue sample
052022_BEL_CBC_T3_11_PAST,,,,,PAST,2022,Healthy,,,,,,,,,,,,,,,,,,n,extract,,UML_NARWHAL_R1_B3,,
052022_BEL_CBC_T3_25_PAST,T3_25 2022 LOW ,,,T3_25 2022,PAST,2022,Healthy,,,,,,,,,,,,,,,,,,n,check extracted dna,,UML_NARWHAL_R1_B3,DNA_extracted,
052022_BEL_CBC_T3_54_PAST,,,,,PAST,2022,Diseased_Margin,,,,,,,,,,,,,,,,,,n,extract,,UML_NARWHAL_R1_B3,,
122022_BEL_CBC_T2_82_PSTR,,,,,PSTR,2022,Healthy,365,7_12_2024,17.7,,,,,,,,,,,,,,,n,enrich,,UML_NARWHAL_R1_B4,UML_NARWHAL_R2_B26,
052022_BEL_CBC_T3_55_PAST,,,,,PAST,2022,Diseased_Tissue,,,,,,,,,,,,,,,,,,n,extract,,UML_NARWHAL_R1_B3,,
062019_BEL_CBC_T1_1_PAST,T1_1 2019 (2 IN BOX - LOW),(t1-past dup),,T1_1 2019 ,PAST,2019,Healthy,_,6_17_2022,2.9,,7_6_2022,14.6,,,_,,,7_29_2022,sequenced,Processed following protocol as written ,sequenced,,"2019 enriched, 2022 empty - orange box, 2022 extracted - pink box",n,extract,don't know if its 2019 or 2022 - redo completely ,Depleted_UML_NARWHAL_R1_B1,DNA_extracted,Only sand left in tissue sample
062019_BEL_CBC_T1_12_PAST,,,,,PAST,2019,Healthy,,,,,,,,,,,,,,,,,,n,extract,,UML_NARWHAL_R1_B1,,
062019_BEL_CBC_T1_18_PAST,,,,,PAST,2019,Healthy,,,,,,,,,,,,,,,,,,n,extract,,UML_NARWHAL_R1_B1,,
062019_BEL_CBC_T1_21_PAST,,,,,PAST,2019,Healthy,,,,,,,,,,,,,,,,,,n,extract,,UML_NARWHAL_R1_B1,,
062019_BEL_CBC_T2_2_PAST,,,,,PAST,2019,Healthy,,,,,,,,,,,,,,,,,,n,extract,,UML_NARWHAL_R1_B1,,
062019_BEL_CBC_T2_20_PAST,,,,,PAST,2019,Healthy,,,,,,,,,,,,,,,,,,n,extract,,UML_NARWHAL_R1_B1,,
062019_BEL_CBC_T2_21_PAST,T2_21 2019 EMPTY (2 IN BOX) ,,,T2_21 PAST CLEAN (X2 NON CLEAN?),PAST,2019,Healthy,_,6_17_2022,1.4,,8_8_2022,1.29,,,_,,,8_30_2022,sequenced,Processed following protocol as written ,sequenced,,"enriched & empty tube - orange box, extracted dna - pink box  ",n,extract,redo extraction - labelling error,UML_NARWHAL_R1_B1,DNA_extracted,
062019_BEL_CBC_T2_22_PAST,,,,,PAST,2019,Healthy,,,,,,,,,,,,,,,,,,n,extract,,UML_NARWHAL_R1_B1,,
062019_BEL_CBC_T2_25_PAST,,,,,PAST,2019,Healthy,,,,,,,,,,,,,,,,,,n,extract,,UML_NARWHAL_R1_B1,DNA_extracted,
062019_BEL_CBC_T2_29_PAST,T2_29 2019 LOW ,,,,PAST,2019,Healthy,,,,,,,,,,,,,,,,,,n,check extracted dna,,UML_NARWHAL_R1_B1,DNA_extracted,
062019_BEL_CBC_T3_10_PAST,T3_10 2019 LOW (LABELLED AS T3_16),,,T3_10 PAST EMPTY,PAST,2019,Healthy,,,,,,,,,,,,,,,,,,n,extract,redo extraction - unclear tubes,UML_NARWHAL_R1_B1,DNA_extracted,
122022_BEL_CBC_T4_3_MCAV,,,,,MCAV,2022,Healthy,,,,,,,,,,,,,,,,,,n,extract,,UML_NARWHAL_R1_B5,,
122022_BEL_CBC_T4_38_MCAV,,,,,MCAV,2022,Healthy,,,,,,,,,,,,,,,,,,n,extract,,UML_NARWHAL_R1_B5,,
062019_BEL_CBC_T3_21_MMEA,,T3_21 (& maybe micro?),,,MMEA,2019,Healthy,,extracted,,too low,,,,,,,,,sequenced,,sequenced,,extracted dna - orange box ,n,extract,redo extraction,UML_NARWHAL_R1_B1,DNA_extracted,
062019_BEL_CBC_T3_12_PAST,,,,,PAST,2019,Healthy,,,,,,,,,,,,,,,,,,n,extract,redo extraction - theres like 4 tubes of this ,UML_NARWHAL_R1_B1,DNA_extracted,
122022_BEL_CBC_T4_5_MCAV,,,,,MCAV,2022,Diseased_Margin,171.3,7_17_2024,14.5,,,,,,,,,,,,,,,n,enrich,,UML_NARWHAL_R1_B5,UML_NARWHAL_R2_B26,
122022_BEL_CBC_T4_6_MCAV,,,,,MCAV,2022,Diseased_Tissue,228.2,7_19_2024,37.3,,,,,,,,,,,,,,,n,enrich,,UML_NARWHAL_R1_B5,UML_NARWHAL_R2_B26,
062019_BEL_CBC_T3_23_PAST,T3_23 2019 LOW (ANOTHER LABELLED AS 2022 BUT THERE IS NO 2022),,,,PAST,2019,Healthy,,,,,,,,,,,,,,,,,,n,extract,redo extraction - labelling error,UML_NARWHAL_R1_B1,UML_NARWHAL_R2_B3,
062019_BEL_CBC_T3_24_PAST,,,,,PAST,2019,Healthy,,,,,,,,,,,,,,,,,,n,extract,,UML_NARWHAL_R1_B1,,
062019_BEL_CBC_T3_25_PAST,,,,,PAST,2019,Healthy,_,6_17_2022,14.9,,7_14_2022,21.2,,,_,,,7_20_2022,sequenced,Actual tag 062022_34_T3_25_PAST,sequenced,,extracted dna - pink box ,n,extract,redo extraction - labelling error,UML_NARWHAL_R1_B1,,
062019_BEL_CBC_T3_26_PAST,,,,,PAST,2019,Healthy,,,,,,,,,,,,,,,,,,n,extract,,UML_NARWHAL_R1_B1,,
062019_BEL_CBC_T3_4_PAST,,t3_4 (& micro?),,,PAST,2019,Healthy,,extracted,,too low,,,,,,,,,sequenced,,sequenced,,extracted dna - orange box ,n,extract,redo extraction,UML_NARWHAL_R1_B1,DNA_extracted,
062019_BEL_CBC_T3_7_PAST,T3_7 2019 LOW ,,,T3_7 2019 ,PAST,2019,Healthy,_,6_17_2022,13.5,,7_6_2022,2.3,,,_,,,7_20_2022,sequenced,Actual tag 052022_10_T3_7_PAST,sequenced,,"empty enriched tube - orange box, coral tissue - B1",n,check extracted dna,,UML_NARWHAL_R1_B1,DNA_extracted,
122022_BEL_CBC_T1_134_PAST,,,,,PAST,2022,Diseased_Margin,,,,,,,,,,,,,,,,,,n,extract,,UML_NARWHAL_R1_B4,,
122022_BEL_CBC_T1_139_PAST,,,,,PAST,2022,Diseased_Tissue,,,,,,,,,,,,,,,,,,n,extract,,UML_NARWHAL_R1_B4,,
122022_BEL_CBC_T1_150_PAST,,,,,PAST,2022,Healthy,,,,,,,,,,,,,,,,,,n,extract,,UML_NARWHAL_R1_B4,,
122022_BEL_CBC_T1_152_PAST,,,,,PAST,2022,Healthy,,,,,,,,,,,,,,,,,,n,extract,,UML_NARWHAL_R1_B4,,
122022_BEL_CBC_T1_155_PAST,,,,,PAST,2022,Healthy,,,,,,,,,,,,,,,,,,n,extract,,UML_NARWHAL_R1_B4,,
122022_BEL_CBC_T1_158_PAST,,,,,PAST,2022,Healthy,,,,,,,,,,,,,,,,,,n,extract,,UML_NARWHAL_R1_B4,,
122022_BEL_CBC_T2_100_PAST,,,,,PAST,2022,Healthy,,,,,,,,,,,,,,,,,,n,extract,,UML_NARWHAL_R1_B4,,
122022_BEL_CBC_T2_83_PAST,,,,,PAST,2022,Healthy,,,,,,,,,,,,,,,,,,n,extract,,UML_NARWHAL_R1_B4,,
122022_BEL_CBC_T2_89_PAST,,,,,PAST,2022,Healthy,,,,,,,,,,,,,,,,,,n,extract,,UML_NARWHAL_R1_B4,,
122022_BEL_CBC_T2_94_PAST,,,,,PAST,2022,Healthy,,,,,,,,,,,,,,,,,,n,extract,,UML_NARWHAL_R1_B4,,
122022_BEL_CBC_T2_101_OFAV,,,,,OFAV,2022,Diseased_Margin,119,6_28_2023,13.3,,10_17_2023,5.5,UML_NARWHAL_R2_B1,y,0.36,UML_F1_R2_B2,n,,sequenced,,10_19_23,,,y,done,Only sand left in tissue sample,Depleted_UML_NARWHAL_R1_B4,UML_NARWHAL_R2_B3,Only sand left in tissue sample
122022_BEL_CBC_T2_118_OANN,,,,,OANN,2022,Diseased_Margin,126,6_28_2023,16.0,,10_17_2023,6.1,UML_NARWHAL_R2_B1,y,too low,UML_F1_R2_B2,n,,sequenced,,10_19_23,,,y,done,Only sand left in tissue sample,Depleted_UML_NARWHAL_R1_B4,UML_NARWHAL_R2_B3,Only sand left in tissue sample
122022_BEL_CBC_T2_91_OANN,,,,,OANN,2022,Healthy,183,6_27_2023,41.8,,10_16_2023,18.9,UML_NARWHAL_R2_B1,,,,,,sequenced,,10_19_23,,,y,done,Only sand left in tissue sample,Depleted_UML_NARWHAL_R1_B4,UML_NARWHAL_R2_B3,Only sand left in tissue sample
122022_BEL_CBC_T2_93_OFAV,,,,,OFAV,2022,Healthy,160,6_27_2023,46.1,,10_11_23,8.46,UML_NARWHAL_R2_B1,10_12_23,0.782,UML_F1_R2_B2,n,,sequenced,,10_19_23,,,y,done,Only sand left in tissue sample,Depleted_UML_NARWHAL_R1_B4,UML_NARWHAL_R2_B3,Only sand left in tissue sample
122022_BEL_CBC_T2_97_OFAV,,,,,OFAV,2022,Healthy,180,6_27_2023,29.5,,10_11_23,5.96,UML_NARWHAL_R2_B1,10_12_23,0.33,UML_F1_R2_B2,n,,sequenced,,10_19_23,,,y,done,Only sand left in tissue sample,Depleted_UML_NARWHAL_R1_B4,UML_NARWHAL_R2_B3,Only sand left in tissue sample
122022_BEL_CBC_T3_161_OANN,,,,,OANN,2022,Healthy,146,6_22_2023,19.3,,10_16_2023,11.8,UML_NARWHAL_R2_B1,,,,,,sequenced,,10_19_23,,,y,done,Only sand in tissue sample ,Depleted_UML_NARWHAL_R1_B5,UML_NARWHAL_R2_B3,Only sand in tissue sample 
122022_BEL_CBC_T4_10_OFAV,,,,,OFAV,2022,Diseased_Tissue,159,6_28_2023,6.4,,10_17_2023,3.8,UML_NARWHAL_R2_B1,y,too low,UML_F1_R2_B2,n,,sequenced,,10_19_23,,,y,done,Only sand in tissue sample ,Depleted_UML_NARWHAL_R1_B5,UML_NARWHAL_R2_B3,Only sand in tissue sample 
122022_BEL_CBC_T4_2_OFAV,,,,,OFAV,2022,Healthy,128,6_27_2023,21.0,,10_11_23,4,UML_NARWHAL_R2_B1,10_12_23,too low,UML_F1_R2_B2,n,,sequenced,host concentration reading: out of range - too low,10_19_23,,,y,done,Only sand in tissue sample ,Depleted_UML_NARWHAL_R1_B5,UML_NARWHAL_R2_B3,Only sand in tissue sample 
122022_BEL_CBC_T4_9_OFAV,,,,,OFAV,2022,Diseased_Margin,41,6_28_2023,9.0,,10_17_2023,4.1,UML_NARWHAL_R2_B1,y,0.18,UML_F1_R2_B2,n,,sequenced,,10_19_23,,,y,done,,Depleted_UML_NARWHAL_R1_B5,UML_NARWHAL_R2_B3,
122022_BEL_CBC_T3_115_PAST,,,,,PAST,2022,Diseased_Tissue,,,,,,,,,,,,,,,,,,n,extract,,UML_NARWHAL_R1_B5,,
122022_BEL_CBC_T3_116_PAST,,,,,PAST,2022,Healthy,,,,,,,,,,,,,,,,,,n,extract,,UML_NARWHAL_R1_B5,,
122022_BEL_CBC_T3_122_PAST,,,,,PAST,2022,Healthy,,,,,,,,,,,,,,,,,,n,extract,,UML_NARWHAL_R1_B5,,
122022_BEL_CBC_T3_123_PAST,,,,,PAST,2022,Healthy,,,,,,,,,,,,,,,,,,n,extract,,UML_NARWHAL_R1_B5,,
102019_BEL_CBC_T1_29_PSTR,,,,,PSTR,2019,Healthy,106,5_30_2023,3.2,,10_17_2023,1.1,UML_NARWHAL_R2_B1,y,too low,UML_F1_R2_B2,n,,sequenced,,10_19_23,,,y,done,,Depleted__UML_NARWHAL_R1_B2,UML_NARWHAL_R2_B3,Only sand left in tissue sample
122022_BEL_CBC_T1_120_OANN,,,,,OANN,2022,Diseased_Margin,74,6_28_2023,15.2,,10_17_2023,4.7,UML_NARWHAL_R2_B1,y,too low,UML_F1_R2_B2,n,,sequenced,,10_19_23,,,y,done,,Depleted_UML_NARWHAL_R1_B4,UML_NARWHAL_R2_B3,
122022_BEL_CBC_T1_136_OANN,,,,,OANN,2022,Diseased_Tissue,76,6_28_2023,12.1,,10_17_2023,5,UML_NARWHAL_R2_B1,y,too low,UML_F1_R2_B2,n,,sequenced,,10_19_23,,,y,done,,Depleted_UML_NARWHAL_R1_B4,UML_NARWHAL_R2_B3,
122022_BEL_CBC_T1_157_OANN,,,,,OANN,2022,Healthy,163,6_27_2023,9.8,,10_17_2023,2.3,UML_NARWHAL_R2_B1,y,too low,UML_F1_R2_B2,n,,sequenced,host cleaning needs to be redone,10_19_23,,,y,done,Only sand left in tissue sample,Depleted_UML_NARWHAL_R1_B4,UML_NARWHAL_R2_B3,Only sand left in tissue sample
122022_BEL_CBC_T3_124_PAST,,,,,PAST,2022,Healthy,,,,,,,,,,,,,,,,,,n,extract,,UML_NARWHAL_R1_B5,,
122022_BEL_CBC_T3_129_PAST,,,,,PAST,2022,Diseased_Margin,,,,,,,,,,,,,,,,,,n,extract,,UML_NARWHAL_R1_B5,,
122022_BEL_CBC_T3_143_PAST,,,,,PAST,2022,Healthy,,,,,,,,,,,,,,,,,,n,extract,,UML_NARWHAL_R1_B5,,
122022_BEL_CBC_T3_144_PAST,,,,,PAST,2022,Healthy,,,,,,,,,,,,,,,,,,n,extract,,UML_NARWHAL_R1_B5,,
052022_BEL_CBC_T1_1_PAST,T1_1 2022 LOW ,(t1-past dup),,T1_1 2022 (DUP),PAST,2022,Healthy,_,6_17_2022,72.0,,7_14_2022,0.3,,,_,,,7_20_2022,sequenced,Processed following protocol as written ,sequenced,,"2019 enriched, 2022 empty - orange box, 2022 extracted - pink box",n,check extracted dna,don't know if its 2019 or 2022 - redo completely ,Depleted_UML_NARWHAL_R1_B1,DNA_extracted,Only sand left in tissue sample
122022_BEL_CBC_T2_99_PSTR,,,,,PSTR,2022,Healthy,243.2,7_12_2024,34.2,,,,,,,,,,,,,,,n,enrich,,UML_NARWHAL_R1_B4,UML_NARWHAL_R2_B26,
062019_BEL_CBC_T1_10_MMEA,,T1_10 MMEA ,,,,nan,,,,,,,,,,,,,,,,,,,n,check extracted dna,,,,
062019_BEL_CBC_T1_14_MMEA,,,,,MMEA,2019,Healthy,,,,,,,,,,,,,,,,,,n,extract,,UML_NARWHAL_R1_B1,,
062019_BEL_CBC_T3_20_MMEA,,,,,MMEA,2019,Healthy,,,,,,,,,,,,,,,,,,n,extract,,UML_NARWHAL_R1_B1,,
062019_BEL_CBC_T3_22_MMEA,,,,,MMEA,2019,Healthy,,,,,,,,,,,,,,,,,,n,extract,,UML_NARWHAL_R1_B1,,
062019_BEL_CBC_T3_3_MMEA,,,,,MMEA,2019,Healthy,,,,,,,,,,,,,,,,,,n,extract,,UML_NARWHAL_R1_B1,,
062019_BEL_CBC_T3_32_MMEA,,,,,MMEA,2019,Healthy,,,,,,,,,,,,,,,,,,n,extract,,Missing,,
062019_BEL_CBC_T2_12_MMEA,,,,,MMEA,2019,Healthy,,,,,,,,,,,,,,,,,,n,extract,,Depleted_UML_NARWHAL_R1_B1,,
062019_BEL_CBC_T2_13_MMEA,,,,,MMEA,2019,Healthy,,,,,,,,,,,,,,,,,,n,extract,,UML_NARWHAL_R1_B1,,
062019_BEL_CBC_T2_14_MMEA,,,,,MMEA,2019,Healthy,,,,,,,,,,,,,,,,,,n,extract,,UML_NARWHAL_R1_B1,,
062019_BEL_CBC_T2_15_MMEA,,,,,MMEA,2019,Healthy,,,,,,,,,,,,,,,,,,n,extract,,UML_NARWHAL_R1_B1,,
062019_BEL_CBC_T1_10_MMEA,,,,,MMEA,2019,Healthy,,,,,,,,,,,,,,,,,,n,extract,,UML_NARWHAL_R1_B1,,
062019_BEL_CBC_T2_6_MMEA,,,,,MMEA,2019,Healthy,,,,,,,,,,,,,,,,,,n,extract,,UML_NARWHAL_R1_B1,,
062019_BEL_CBC_T2_7_MMEA,,,,,MMEA,2019,Healthy,,,,,,,,,,,,,,,,,,n,extract,,UML_NARWHAL_R1_B1,,
